Path,SteerAngle,Throttle,Brake,Speed,X_Position,Y_Position,Pitch,Yaw,Roll
C:\Users\alexk\Documents\GitHub\IMG\IMG\robocam_2017_05_25_14_04_28_858.jpg,0,0,1,0,104.1041,191.0347,0.0002384438,250.266,-6.358292E-06
C:\Users\alexk\Documents\GitHub\IMG\IMG\robocam_2017_05_25_14_04_28_899.jpg,-0.4149372,0,0,0,104.1041,191.0347,0.0002391204,250.266,-6.511428E-06
C:\Users\alexk\Documents\GitHub\IMG\IMG\robocam_2017_05_25_14_04_28_941.jpg,0,0,0,0,104.1041,191.0347,0.0002397507,250.2411,-5.716225E-06
C:\Users\alexk\Documents\GitHub\IMG\IMG\robocam_2017_05_25_14_04_28_982.jpg,0,0,0,0,104.1041,191.0347,0.0002400614,250.2411,-5.012145E-06
C:\Users\alexk\Documents\GitHub\IMG\IMG\robocam_2017_05_25_14_04_29_023.jpg,0.4010282,0,0,0,104.1041,191.0347,0.0002405959,250.2652,-4.404768E-06
C:\Users\alexk\Documents\GitHub\IMG\IMG\robocam_2017_05_25_14_04_29_064.jpg,0,0,0,0,104.1041,191.0347,0.0002411947,250.2652,-4.111036E-06
C:\Users\alexk\Documents\GitHub\IMG\IMG\robocam_2017_05_25_14_04_29_110.jpg,1.129416,0,0,0,104.1041,191.0347,0.0002419923,250.3561,-3.9241E-06
C:\Users\alexk\Documents\GitHub\IMG\IMG\robocam_2017_05_25_14_04_29_157.jpg,2.742839,0,0,0,104.1041,191.0347,0.000244106,250.7773,-4.606259E-06
C:\Users\alexk\Documents\GitHub\IMG\IMG\robocam_2017_05_25_14_04_29_199.jpg,2.729474,0,0,0,104.1041,191.0347,0.0002446794,251.1303,-4.995252E-06
C:\Users\alexk\Documents\GitHub\IMG\IMG\robocam_2017_05_25_14_04_29_244.jpg,0.3447126,0,0,0,104.1041,191.0347,0.0002446551,251.2877,-4.570091E-06
C:\Users\alexk\Documents\GitHub\IMG\IMG\robocam_2017_05_25_14_04_29_290.jpg,-2.023557,0,0,0,104.1041,191.0347,0.0002454045,251.1891,-2.98314E-06
C:\Users\alexk\Documents\GitHub\IMG\IMG\robocam_2017_05_25_14_04_29_331.jpg,-4.052892,0,0,0,104.1041,191.0347,0.0002461298,250.8489,-7.335944E-07
C:\Users\alexk\Documents\GitHub\IMG\IMG\robocam_2017_05_25_14_04_29_378.jpg,-6.451064,0,0,0,104.1041,191.0347,0.00024704,249.8794,3.534521E-06
C:\Users\alexk\Documents\GitHub\IMG\IMG\robocam_2017_05_25_14_04_29_424.jpg,-7.22349,0,0,0,104.1041,191.0347,0.0002460703,249.0126,5.768502E-06
C:\Users\alexk\Documents\GitHub\IMG\IMG\robocam_2017_05_25_14_04_29_464.jpg,-5.18813,0,0,0,104.1041,191.0347,0.0002469546,248.2941,8.152896E-06
C:\Users\alexk\Documents\GitHub\IMG\IMG\robocam_2017_05_25_14_04_29_505.jpg,-3.929999,0,0,0,104.1041,191.0347,0.0002476601,247.6973,1.004179E-05
C:\Users\alexk\Documents\GitHub\IMG\IMG\robocam_2017_05_25_14_04_29_546.jpg,-3.503622,0,0,0,104.1041,191.0347,0.0002479078,247.2512,1.119422E-05
C:\Users\alexk\Documents\GitHub\IMG\IMG\robocam_2017_05_25_14_04_29_588.jpg,-1.403361,0,0,0,104.1041,191.0347,0.0002475773,246.9055,1.178937E-05
C:\Users\alexk\Documents\GitHub\IMG\IMG\robocam_2017_05_25_14_04_29_629.jpg,0,0,0,0,104.1041,191.0347,0.0002471603,246.845,1.073493E-05
C:\Users\alexk\Documents\GitHub\IMG\IMG\robocam_2017_05_25_14_04_29_669.jpg,1.641037,0,0,0,104.1041,191.0347,0.0002467587,246.918,9.376483E-06
C:\Users\alexk\Documents\GitHub\IMG\IMG\robocam_2017_05_25_14_04_29_711.jpg,3.735069,0,0,0,104.1041,191.0347,0.0002464034,247.2386,7.33144E-06
C:\Users\alexk\Documents\GitHub\IMG\IMG\robocam_2017_05_25_14_04_29_752.jpg,5.805723,0,0,0,104.1041,191.0347,0.0002456715,248.1324,1.57874E-06
C:\Users\alexk\Documents\GitHub\IMG\IMG\robocam_2017_05_25_14_04_29_793.jpg,4.596386,0,0,0,104.1041,191.0347,0.0002450307,248.7565,-9.480801E-07
C:\Users\alexk\Documents\GitHub\IMG\IMG\robocam_2017_05_25_14_04_29_833.jpg,2.195723,0,0,0,104.1041,191.0347,0.0002443726,249.0906,-1.645194E-06
C:\Users\alexk\Documents\GitHub\IMG\IMG\robocam_2017_05_25_14_04_29_874.jpg,0,0,0,0,104.1041,191.0347,0.0002431355,249.148,-1.536443E-06
C:\Users\alexk\Documents\GitHub\IMG\IMG\robocam_2017_05_25_14_04_29_914.jpg,1.180431,0,0,0,104.1041,191.0347,0.0002417461,249.2188,-1.215601E-06
C:\Users\alexk\Documents\GitHub\IMG\IMG\robocam_2017_05_25_14_04_29_955.jpg,3.239622,0,0,0,104.1041,191.0347,0.0002408282,249.5318,-1.620201E-06
C:\Users\alexk\Documents\GitHub\IMG\IMG\robocam_2017_05_25_14_04_29_996.jpg,4.478635,0,0,0,104.1041,191.0347,0.0002388066,250.0443,-3.579974E-06
C:\Users\alexk\Documents\GitHub\IMG\IMG\robocam_2017_05_25_14_04_30_042.jpg,2.493361,0,0,0,104.1041,191.0347,0.0002372542,250.4644,-4.95926E-06
C:\Users\alexk\Documents\GitHub\IMG\IMG\robocam_2017_05_25_14_04_30_082.jpg,0.108667,0,0,0,104.1041,191.0347,0.0002364638,250.5944,-5.072046E-06
C:\Users\alexk\Documents\GitHub\IMG\IMG\robocam_2017_05_25_14_04_30_123.jpg,0,0,0,0,104.1041,191.0347,0.0002346863,250.5944,-4.807586E-06
C:\Users\alexk\Documents\GitHub\IMG\IMG\robocam_2017_05_25_14_04_30_164.jpg,0.4325839,0,0,0,104.1041,191.0347,0.0002327254,250.5944,-4.73687E-06
C:\Users\alexk\Documents\GitHub\IMG\IMG\robocam_2017_05_25_14_04_30_210.jpg,1.635057,0,0,0,104.1041,191.0347,0.0002309443,250.7172,-4.728389E-06
C:\Users\alexk\Documents\GitHub\IMG\IMG\robocam_2017_05_25_14_04_30_257.jpg,3.650233,0,0,0,104.1041,191.0347,0.0002302851,251.2306,-5.843436E-06
C:\Users\alexk\Documents\GitHub\IMG\IMG\robocam_2017_05_25_14_04_30_297.jpg,2.457546,0,0,0,104.1041,191.0347,0.0002311863,251.5971,-6.926834E-06
C:\Users\alexk\Documents\GitHub\IMG\IMG\robocam_2017_05_25_14_04_30_338.jpg,0,0,0,0,104.1041,191.0347,0.0002311375,251.6712,-6.801801E-06
C:\Users\alexk\Documents\GitHub\IMG\IMG\robocam_2017_05_25_14_04_30_378.jpg,0.833748,0,0,0,104.1041,191.0347,0.0002308696,251.7213,-6.600175E-06
C:\Users\alexk\Documents\GitHub\IMG\IMG\robocam_2017_05_25_14_04_30_420.jpg,2.456549,0,0,0,104.1041,191.0347,0.0002317924,251.9678,-6.876247E-06
C:\Users\alexk\Documents\GitHub\IMG\IMG\robocam_2017_05_25_14_04_30_461.jpg,4.075431,0,0,0,104.1041,191.0347,0.0002315398,252.3606,-7.595648E-06
C:\Users\alexk\Documents\GitHub\IMG\IMG\robocam_2017_05_25_14_04_30_507.jpg,6.494127,0,0,0,104.1041,191.0347,0.0002320837,252.9949,-9.210935E-06
C:\Users\alexk\Documents\GitHub\IMG\IMG\robocam_2017_05_25_14_04_30_548.jpg,8.50398,0,0,0,104.1041,191.0347,0.000232159,253.869,-1.129538E-05
C:\Users\alexk\Documents\GitHub\IMG\IMG\robocam_2017_05_25_14_04_30_588.jpg,10.59831,0,0,0,104.1041,191.0347,0.0002328498,254.9907,-1.483187E-05
C:\Users\alexk\Documents\GitHub\IMG\IMG\robocam_2017_05_25_14_04_30_629.jpg,11.83952,0,0,0,104.1041,191.0347,0.0002319253,256.3321,-1.949639E-05
C:\Users\alexk\Documents\GitHub\IMG\IMG\robocam_2017_05_25_14_04_30_679.jpg,10.33524,0,0,0,104.1041,191.0347,0.0002308752,258.3465,-2.329753E-05
C:\Users\alexk\Documents\GitHub\IMG\IMG\robocam_2017_05_25_14_04_30_720.jpg,11.12173,0.06532706,0,0,104.1041,191.0347,0.001611778,258.9881,2.342244E-05
C:\Users\alexk\Documents\GitHub\IMG\IMG\robocam_2017_05_25_14_04_30_760.jpg,11.53923,0.1854622,0,0.01015939,104.1041,191.0344,0.007707322,258.9754,0.000674483
C:\Users\alexk\Documents\GitHub\IMG\IMG\robocam_2017_05_25_14_04_30_801.jpg,9.490794,0.3087088,0,0.01312721,104.1041,191.0338,0.02087038,259.0775,0.003279675
C:\Users\alexk\Documents\GitHub\IMG\IMG\robocam_2017_05_25_14_04_30_843.jpg,6.943135,0.4360918,0,0.02952027,104.1039,191.0324,0.04988215,259.0996,0.004183331
C:\Users\alexk\Documents\GitHub\IMG\IMG\robocam_2017_05_25_14_04_30_884.jpg,4.548247,0.5558361,0,0.04238759,104.1036,191.0305,0.08938172,259.1308,0.006534936
C:\Users\alexk\Documents\GitHub\IMG\IMG\robocam_2017_05_25_14_04_30_924.jpg,2.102119,0.6781426,0,0.05862906,104.1031,191.0271,0.1570409,259.0757,0.008132738
C:\Users\alexk\Documents\GitHub\IMG\IMG\robocam_2017_05_25_14_04_30_964.jpg,0,0.7969276,0,0.08419307,104.1021,191.0223,0.2544799,259.1122,0.008005049
C:\Users\alexk\Documents\GitHub\IMG\IMG\robocam_2017_05_25_14_04_31_005.jpg,0,0.9195082,0,0.126581,104.1009,191.0156,0.386461,259.1345,0.007272196
C:\Users\alexk\Documents\GitHub\IMG\IMG\robocam_2017_05_25_14_04_31_046.jpg,0,1,0,0.1517714,104.0993,191.0078,0.524294,258.9995,-0.0002757938
C:\Users\alexk\Documents\GitHub\IMG\IMG\robocam_2017_05_25_14_04_31_086.jpg,0,1,0,0.1868651,104.0974,190.9982,0.6805942,258.9921,-0.0007600856
C:\Users\alexk\Documents\GitHub\IMG\IMG\robocam_2017_05_25_14_04_31_128.jpg,0,1,0,0.2117712,104.0953,190.9873,0.8422736,259.1544,-0.002101684
C:\Users\alexk\Documents\GitHub\IMG\IMG\robocam_2017_05_25_14_04_31_169.jpg,0,1,0,0.2402865,104.093,190.9753,1.005069,259.2972,-0.00189691
C:\Users\alexk\Documents\GitHub\IMG\IMG\robocam_2017_05_25_14_04_31_210.jpg,0,1,0,0.2761113,104.0905,190.9616,1.177539,259.5098,-0.002500777
C:\Users\alexk\Documents\GitHub\IMG\IMG\robocam_2017_05_25_14_04_31_253.jpg,0,1,0,0.3190095,104.0861,190.9399,1.3422,259.6388,-0.0038982
C:\Users\alexk\Documents\GitHub\IMG\IMG\robocam_2017_05_25_14_04_31_294.jpg,0,1,0,0.3482838,104.0834,190.9271,1.264778,259.7849,-0.005216013
C:\Users\alexk\Documents\GitHub\IMG\IMG\robocam_2017_05_25_14_04_31_335.jpg,0,1,0,0.401078,104.0807,190.9126,1.171608,259.7753,-0.0002870747
C:\Users\alexk\Documents\GitHub\IMG\IMG\robocam_2017_05_25_14_04_31_375.jpg,0,1,0,0.4282293,104.0776,190.8962,1.109694,259.8023,-0.0009072179
C:\Users\alexk\Documents\GitHub\IMG\IMG\robocam_2017_05_25_14_04_31_416.jpg,0,1,0,0.4644644,104.0743,190.8782,1.077453,259.8657,-0.0008634378
C:\Users\alexk\Documents\GitHub\IMG\IMG\robocam_2017_05_25_14_04_31_457.jpg,0,1,0,0.480877,104.0707,190.8588,1.063962,259.8073,0.0004603834
C:\Users\alexk\Documents\GitHub\IMG\IMG\robocam_2017_05_25_14_04_31_497.jpg,0,1,0,0.5283872,104.0668,190.8374,1.083989,259.7031,0.001016619
C:\Users\alexk\Documents\GitHub\IMG\IMG\robocam_2017_05_25_14_04_31_544.jpg,0,1,0,0.5747933,104.0626,190.8148,1.115275,259.6761,1.688524E-05
C:\Users\alexk\Documents\GitHub\IMG\IMG\robocam_2017_05_25_14_04_31_590.jpg,0,1,0,0.6100855,104.0581,190.7902,1.174111,259.7469,-0.0008232706
C:\Users\alexk\Documents\GitHub\IMG\IMG\robocam_2017_05_25_14_04_31_630.jpg,0,1,0,0.6278866,104.0535,190.7652,1.212959,259.7551,-0.0008068235
C:\Users\alexk\Documents\GitHub\IMG\IMG\robocam_2017_05_25_14_04_31_671.jpg,0,1,0,0.6567129,104.0486,190.7391,1.238374,259.6687,-0.0007536379
C:\Users\alexk\Documents\GitHub\IMG\IMG\robocam_2017_05_25_14_04_31_718.jpg,0,1,0,0.704144,104.041,190.6983,1.222005,259.6096,-0.0001263139
C:\Users\alexk\Documents\GitHub\IMG\IMG\robocam_2017_05_25_14_04_31_758.jpg,0,1,0,0.7575981,104.0356,190.6688,1.219416,259.5714,-9.596455E-05
C:\Users\alexk\Documents\GitHub\IMG\IMG\robocam_2017_05_25_14_04_31_799.jpg,0,1,0,0.7860439,104.0299,190.6384,1.206916,259.5569,-0.0004139652
C:\Users\alexk\Documents\GitHub\IMG\IMG\robocam_2017_05_25_14_04_31_840.jpg,0,1,0,0.8328232,104.0239,190.6062,1.202617,259.5522,-0.0009830166
C:\Users\alexk\Documents\GitHub\IMG\IMG\robocam_2017_05_25_14_04_31_880.jpg,1.189198,1,0,0.8461838,104.0178,190.5735,1.188282,259.5702,-0.000462658
C:\Users\alexk\Documents\GitHub\IMG\IMG\robocam_2017_05_25_14_04_31_921.jpg,2.815216,1,0,0.876682,104.0117,190.539,1.196645,259.692,-0.001531363
C:\Users\alexk\Documents\GitHub\IMG\IMG\robocam_2017_05_25_14_04_31_966.jpg,4.735543,1,0,0.9246818,104.0057,190.5024,1.22311,259.846,-0.001918173
C:\Users\alexk\Documents\GitHub\IMG\IMG\robocam_2017_05_25_14_04_32_013.jpg,7.144702,1,0,0.9564839,103.9976,190.4451,1.246946,260.238,-0.003738486
C:\Users\alexk\Documents\GitHub\IMG\IMG\robocam_2017_05_25_14_04_32_058.jpg,9.475755,1,0,0.9881781,103.9929,190.4056,1.246701,260.6135,-0.0047061
C:\Users\alexk\Documents\GitHub\IMG\IMG\robocam_2017_05_25_14_04_32_098.jpg,10.28236,1,0,1.019839,103.9888,190.3649,1.234055,261.0646,-0.00536924
C:\Users\alexk\Documents\GitHub\IMG\IMG\robocam_2017_05_25_14_04_32_139.jpg,9.004751,1,0,1.065541,103.985,190.323,1.214122,261.5327,-0.00564345
C:\Users\alexk\Documents\GitHub\IMG\IMG\robocam_2017_05_25_14_04_32_180.jpg,6.583972,1,0,1.096428,103.981,190.2799,1.206811,261.9637,-0.005329896
C:\Users\alexk\Documents\GitHub\IMG\IMG\robocam_2017_05_25_14_04_32_221.jpg,4.141082,1,0,1.130361,103.9764,190.2349,1.223584,262.2456,-0.004030197
C:\Users\alexk\Documents\GitHub\IMG\IMG\robocam_2017_05_25_14_04_32_266.jpg,1.759695,1,0,1.159896,103.9713,190.1888,1.237613,262.4281,-0.00319121
C:\Users\alexk\Documents\GitHub\IMG\IMG\robocam_2017_05_25_14_04_32_307.jpg,0.9624186,1,0,1.188136,103.9655,190.1419,1.240153,262.5063,-0.002032544
C:\Users\alexk\Documents\GitHub\IMG\IMG\robocam_2017_05_25_14_04_32_353.jpg,0,1,0,1.218254,103.9561,190.0696,1.226311,262.5438,-0.001197759
C:\Users\alexk\Documents\GitHub\IMG\IMG\robocam_2017_05_25_14_04_32_399.jpg,0.7895971,1,0,1.258199,103.9494,190.0193,1.233716,262.5545,-0.000894215
C:\Users\alexk\Documents\GitHub\IMG\IMG\robocam_2017_05_25_14_04_32_439.jpg,2.801715,1,0,1.301319,103.943,189.9679,1.235561,262.6313,-0.001334118
C:\Users\alexk\Documents\GitHub\IMG\IMG\robocam_2017_05_25_14_04_32_485.jpg,5.201972,1,0,1.33162,103.9372,189.9153,1.237637,262.8239,-0.00249707
C:\Users\alexk\Documents\GitHub\IMG\IMG\robocam_2017_05_25_14_04_32_525.jpg,7.23006,1,0,1.360244,103.9321,189.8614,1.234237,263.154,-0.0009537464
C:\Users\alexk\Documents\GitHub\IMG\IMG\robocam_2017_05_25_14_04_32_566.jpg,6.035175,1,0,1.392406,103.9276,189.8062,1.232679,263.5573,0.002201358
C:\Users\alexk\Documents\GitHub\IMG\IMG\robocam_2017_05_25_14_04_32_613.jpg,3.626243,1,0,1.423805,103.9206,189.7208,1.239491,264.0445,-0.003928258
C:\Users\alexk\Documents\GitHub\IMG\IMG\robocam_2017_05_25_14_04_32_653.jpg,1.568411,1,0,1.455934,103.9154,189.6622,1.251599,264.2306,-0.003201194
C:\Users\alexk\Documents\GitHub\IMG\IMG\robocam_2017_05_25_14_04_32_699.jpg,-0.009310674,1,0,1.501666,103.9096,189.6027,1.256256,264.2927,-0.001937738
C:\Users\alexk\Documents\GitHub\IMG\IMG\robocam_2017_05_25_14_04_32_739.jpg,-0.8071306,1,0,1.53311,103.9034,189.542,1.254392,264.296,-0.001169496
C:\Users\alexk\Documents\GitHub\IMG\IMG\robocam_2017_05_25_14_04_32_784.jpg,-3.123027,1,0,1.565868,103.8964,189.48,1.254575,264.1971,-4.563447E-06
C:\Users\alexk\Documents\GitHub\IMG\IMG\robocam_2017_05_25_14_04_32_830.jpg,-4.30296,1,0,1.594505,103.8887,189.417,1.252911,263.9924,0.0004624022
C:\Users\alexk\Documents\GitHub\IMG\IMG\robocam_2017_05_25_14_04_32_877.jpg,-6.31988,1,0,1.624779,103.8756,189.3204,1.251534,263.4944,0.001758773
C:\Users\alexk\Documents\GitHub\IMG\IMG\robocam_2017_05_25_14_04_32_918.jpg,-8.348399,1,0,1.655112,103.8653,189.2546,1.254219,262.9948,0.001216225
C:\Users\alexk\Documents\GitHub\IMG\IMG\robocam_2017_05_25_14_04_32_964.jpg,-10.34964,1,0,1.697688,103.8536,189.188,1.253781,262.3488,359.9883
C:\Users\alexk\Documents\GitHub\IMG\IMG\robocam_2017_05_25_14_04_33_006.jpg,-12.38677,1,0,1.726774,103.8401,189.1205,1.248849,261.5698,359.9611
C:\Users\alexk\Documents\GitHub\IMG\IMG\robocam_2017_05_25_14_04_33_051.jpg,-13.60786,1,0,1.754292,103.825,189.0526,1.227989,260.6489,359.9284
C:\Users\alexk\Documents\GitHub\IMG\IMG\robocam_2017_05_25_14_04_33_098.jpg,-11.63326,1,0,1.784068,103.8001,188.9494,1.169052,259.2195,359.8925
C:\Users\alexk\Documents\GitHub\IMG\IMG\robocam_2017_05_25_14_04_33_145.jpg,-8.850709,1,0,1.831502,103.7827,188.8793,1.130939,258.4095,359.8806
C:\Users\alexk\Documents\GitHub\IMG\IMG\robocam_2017_05_25_14_04_33_185.jpg,-6.376285,1,0,1.862423,103.7649,188.8078,1.103182,257.7651,359.8797
C:\Users\alexk\Documents\GitHub\IMG\IMG\robocam_2017_05_25_14_04_33_228.jpg,-3.928639,1,0,1.893258,103.7466,188.7347,1.097045,257.2748,359.8809
C:\Users\alexk\Documents\GitHub\IMG\IMG\robocam_2017_05_25_14_04_33_274.jpg,-1.398081,1,0,1.922948,103.7194,188.622,1.127736,256.8617,359.9027
C:\Users\alexk\Documents\GitHub\IMG\IMG\robocam_2017_05_25_14_04_33_314.jpg,0.5610056,1,0,1.952248,103.7015,188.5448,1.17164,256.7889,359.9351
C:\Users\alexk\Documents\GitHub\IMG\IMG\robocam_2017_05_25_14_04_33_355.jpg,2.226327,1,0,1.981151,103.6841,188.4661,1.232171,256.8728,359.9841
C:\Users\alexk\Documents\GitHub\IMG\IMG\robocam_2017_05_25_14_04_33_396.jpg,4.287149,1,0,2.009757,103.6667,188.3861,1.298272,257.1009,0.003550382
C:\Users\alexk\Documents\GitHub\IMG\IMG\robocam_2017_05_25_14_04_33_437.jpg,4.258832,1,0,2.037218,103.6495,188.3055,1.335338,257.426,0.001366195
C:\Users\alexk\Documents\GitHub\IMG\IMG\robocam_2017_05_25_14_04_33_482.jpg,1.508517,1,0,2.084586,103.6323,188.2242,1.333784,257.7002,-0.004755727
C:\Users\alexk\Documents\GitHub\IMG\IMG\robocam_2017_05_25_14_04_33_523.jpg,3.561025,1,0,2.114854,103.6152,188.1419,1.316831,257.9303,-0.003528805
C:\Users\alexk\Documents\GitHub\IMG\IMG\robocam_2017_05_25_14_04_33_564.jpg,4.332772,1,0,2.144764,103.5987,188.0583,1.299079,258.2365,-0.003909487
C:\Users\alexk\Documents\GitHub\IMG\IMG\robocam_2017_05_25_14_04_33_604.jpg,3.097407,1,0,2.174495,103.5822,187.9732,1.296261,258.5338,-0.003314291
C:\Users\alexk\Documents\GitHub\IMG\IMG\robocam_2017_05_25_14_04_33_646.jpg,1.858463,1,0,2.203417,103.5657,187.8868,1.302925,258.795,-0.00324275
C:\Users\alexk\Documents\GitHub\IMG\IMG\robocam_2017_05_25_14_04_33_687.jpg,0,1,0,2.231365,103.5488,187.7992,1.311068,258.9498,-0.003162245
C:\Users\alexk\Documents\GitHub\IMG\IMG\robocam_2017_05_25_14_04_33_728.jpg,0,1,0,2.260895,103.5314,187.7106,1.315085,258.9983,-0.001969494
C:\Users\alexk\Documents\GitHub\IMG\IMG\robocam_2017_05_25_14_04_33_769.jpg,0,1,0,2.290873,103.5136,187.6209,1.318502,259.0079,-0.001405163
C:\Users\alexk\Documents\GitHub\IMG\IMG\robocam_2017_05_25_14_04_33_810.jpg,0,1,0,2.319476,103.4956,187.5301,1.319638,259.0076,-0.001312505
C:\Users\alexk\Documents\GitHub\IMG\IMG\robocam_2017_05_25_14_04_33_852.jpg,0,1,0,2.349317,103.4681,187.3918,1.320935,258.997,-0.001259971
C:\Users\alexk\Documents\GitHub\IMG\IMG\robocam_2017_05_25_14_04_33_893.jpg,0,1,0,2.378284,103.4495,187.2981,1.324072,258.9896,-0.001264243
C:\Users\alexk\Documents\GitHub\IMG\IMG\robocam_2017_05_25_14_04_33_936.jpg,0,1,0,2.407196,103.4306,187.2032,1.328519,258.9822,-0.001304703
C:\Users\alexk\Documents\GitHub\IMG\IMG\robocam_2017_05_25_14_04_33_977.jpg,0,1,0,2.436058,103.4116,187.1073,1.329771,258.9761,-0.001316593
C:\Users\alexk\Documents\GitHub\IMG\IMG\robocam_2017_05_25_14_04_34_020.jpg,0,1,0,2.479523,103.3922,187.0103,1.329431,258.9671,-0.001286877
C:\Users\alexk\Documents\GitHub\IMG\IMG\robocam_2017_05_25_14_04_34_062.jpg,2.139179,1,0,2.508048,103.373,186.9121,1.330402,259.0169,-0.001665961
C:\Users\alexk\Documents\GitHub\IMG\IMG\robocam_2017_05_25_14_04_34_104.jpg,4.692231,1,0,2.536058,103.3544,186.8126,1.331541,259.2226,-0.002849065
C:\Users\alexk\Documents\GitHub\IMG\IMG\robocam_2017_05_25_14_04_34_146.jpg,5.946308,1,0,2.563932,103.337,186.7119,1.32257,259.6063,0.005773208
C:\Users\alexk\Documents\GitHub\IMG\IMG\robocam_2017_05_25_14_04_34_189.jpg,8.079461,1,0,2.591107,103.3209,186.6099,1.311262,260.1364,0.02823819
C:\Users\alexk\Documents\GitHub\IMG\IMG\robocam_2017_05_25_14_04_34_231.jpg,9.773075,1,0,2.61672,103.3066,186.5068,1.289117,260.8574,0.0681265
C:\Users\alexk\Documents\GitHub\IMG\IMG\robocam_2017_05_25_14_04_34_274.jpg,11.5055,1,0,2.64338,103.2887,186.3505,1.213739,262.2455,0.1428076
C:\Users\alexk\Documents\GitHub\IMG\IMG\robocam_2017_05_25_14_04_34_317.jpg,13.15589,1,0,2.669266,103.2796,186.2453,1.131824,263.358,0.2090045
C:\Users\alexk\Documents\GitHub\IMG\IMG\robocam_2017_05_25_14_04_34_359.jpg,14.8727,1,0,2.69398,103.2735,186.1393,1.025173,264.6416,0.301343
C:\Users\alexk\Documents\GitHub\IMG\IMG\robocam_2017_05_25_14_04_34_401.jpg,15,1,0,2.730852,103.27,186.0326,0.8978931,266.0085,0.4110473
C:\Users\alexk\Documents\GitHub\IMG\IMG\robocam_2017_05_25_14_04_34_444.jpg,15,1,0,2.756668,103.2691,185.9252,0.7543516,267.4084,0.5368286
C:\Users\alexk\Documents\GitHub\IMG\IMG\robocam_2017_05_25_14_04_34_485.jpg,15,1,0,2.781801,103.2707,185.8172,0.5933222,268.8185,0.6719779
C:\Users\alexk\Documents\GitHub\IMG\IMG\robocam_2017_05_25_14_04_34_527.jpg,15,1,0,2.806551,103.2749,185.7085,0.4180739,270.2314,0.8174551
C:\Users\alexk\Documents\GitHub\IMG\IMG\robocam_2017_05_25_14_04_34_568.jpg,13.41535,1,0,2.831493,103.2816,185.5993,0.2322152,271.6282,0.970439
C:\Users\alexk\Documents\GitHub\IMG\IMG\robocam_2017_05_25_14_04_34_610.jpg,10.9122,1,0,2.85762,103.2902,185.4891,0.04786781,272.8918,1.117646
C:\Users\alexk\Documents\GitHub\IMG\IMG\robocam_2017_05_25_14_04_34_651.jpg,8.844309,1,0,2.883544,103.2995,185.377,359.9161,273.9291,1.206255
C:\Users\alexk\Documents\GitHub\IMG\IMG\robocam_2017_05_25_14_04_34_693.jpg,6.738589,1,0,2.902428,103.3141,185.2043,359.9034,275.0621,1.170026
C:\Users\alexk\Documents\GitHub\IMG\IMG\robocam_2017_05_25_14_04_34_734.jpg,5.952163,1,0,2.935088,103.3262,185.0855,0.0201976,275.7321,1.105136
C:\Users\alexk\Documents\GitHub\IMG\IMG\robocam_2017_05_25_14_04_34_775.jpg,3.466731,1,0,2.960392,103.3395,184.9665,0.08992012,276.256,1.032686
C:\Users\alexk\Documents\GitHub\IMG\IMG\robocam_2017_05_25_14_04_34_816.jpg,1.023819,1,0,2.986627,103.3531,184.8464,0.1618559,276.588,0.9418462
C:\Users\alexk\Documents\GitHub\IMG\IMG\robocam_2017_05_25_14_04_34_858.jpg,0,1,0,3.014288,103.3668,184.7249,0.2443136,276.7255,0.8354772
C:\Users\alexk\Documents\GitHub\IMG\IMG\robocam_2017_05_25_14_04_34_899.jpg,0,1,0,3.041475,103.3811,184.6021,0.348161,276.7764,0.7309765
C:\Users\alexk\Documents\GitHub\IMG\IMG\robocam_2017_05_25_14_04_34_940.jpg,0,1,0,3.08102,103.3956,184.4778,0.4707798,276.7921,0.6256303
C:\Users\alexk\Documents\GitHub\IMG\IMG\robocam_2017_05_25_14_04_34_982.jpg,0,1,0,3.107358,103.4103,184.3522,0.6090978,276.7927,0.5181544
C:\Users\alexk\Documents\GitHub\IMG\IMG\robocam_2017_05_25_14_04_35_023.jpg,0,1,0,3.133692,103.4252,184.2253,0.7599617,276.786,0.4084248
C:\Users\alexk\Documents\GitHub\IMG\IMG\robocam_2017_05_25_14_04_35_065.jpg,0,1,0,3.160032,103.4401,184.0973,0.9203058,276.7745,0.2968718
C:\Users\alexk\Documents\GitHub\IMG\IMG\robocam_2017_05_25_14_04_35_105.jpg,0,1,0,3.186369,103.4551,183.968,1.087255,276.7591,0.1841651
C:\Users\alexk\Documents\GitHub\IMG\IMG\robocam_2017_05_25_14_04_35_147.jpg,0,1,0,3.212357,103.47,183.8378,1.248774,276.7346,0.06200268
C:\Users\alexk\Documents\GitHub\IMG\IMG\robocam_2017_05_25_14_04_35_190.jpg,-0.837078,1,0,3.239331,103.4857,183.7068,1.397208,276.7349,359.987
C:\Users\alexk\Documents\GitHub\IMG\IMG\robocam_2017_05_25_14_04_35_237.jpg,-2.509399,1,0,3.264026,103.5098,183.5118,1.424073,276.5988,-0.004391407
C:\Users\alexk\Documents\GitHub\IMG\IMG\robocam_2017_05_25_14_04_35_278.jpg,-0.4753304,1,0,3.299513,103.5247,183.3811,1.37801,276.4131,-0.0006082962
C:\Users\alexk\Documents\GitHub\IMG\IMG\robocam_2017_05_25_14_04_35_320.jpg,0,1,0,3.340434,103.5395,183.249,1.348035,276.33,-0.001587598
C:\Users\alexk\Documents\GitHub\IMG\IMG\robocam_2017_05_25_14_04_35_362.jpg,0,1,0,3.36656,103.5542,183.1156,1.332438,276.2939,-0.002049544
C:\Users\alexk\Documents\GitHub\IMG\IMG\robocam_2017_05_25_14_04_35_404.jpg,0,1,0,3.392642,103.569,182.981,1.329821,276.2766,-0.002118683
C:\Users\alexk\Documents\GitHub\IMG\IMG\robocam_2017_05_25_14_04_35_445.jpg,0,1,0,3.418689,103.5838,182.8451,1.338715,276.2663,-0.002018458
C:\Users\alexk\Documents\GitHub\IMG\IMG\robocam_2017_05_25_14_04_35_487.jpg,0,1,0,3.444704,103.5986,182.7079,1.357624,276.2578,-0.001844542
C:\Users\alexk\Documents\GitHub\IMG\IMG\robocam_2017_05_25_14_04_35_527.jpg,0,1,0,3.470694,103.6135,182.5696,1.385084,276.2489,-0.001684007
C:\Users\alexk\Documents\GitHub\IMG\IMG\robocam_2017_05_25_14_04_35_567.jpg,0,1,0,3.495812,103.6284,182.4303,1.411515,276.2381,-0.001893838
C:\Users\alexk\Documents\GitHub\IMG\IMG\robocam_2017_05_25_14_04_35_610.jpg,0,1,0,3.523427,103.6432,182.2902,1.419922,276.2243,-0.001708672
C:\Users\alexk\Documents\GitHub\IMG\IMG\robocam_2017_05_25_14_04_35_651.jpg,0,1,0,3.549953,103.6581,182.1491,1.422561,276.2126,-0.001745871
C:\Users\alexk\Documents\GitHub\IMG\IMG\robocam_2017_05_25_14_04_35_694.jpg,0,1,0,3.576409,103.6805,181.9357,1.415781,276.1984,-0.001725263
C:\Users\alexk\Documents\GitHub\IMG\IMG\robocam_2017_05_25_14_04_35_735.jpg,0,1,0,3.603173,103.6954,181.792,1.413251,276.1887,-0.00159408
C:\Users\alexk\Documents\GitHub\IMG\IMG\robocam_2017_05_25_14_04_35_775.jpg,0,1,0,3.629128,103.7105,181.6472,1.41758,276.1779,-0.001108731
C:\Users\alexk\Documents\GitHub\IMG\IMG\robocam_2017_05_25_14_04_35_817.jpg,0,1,0,3.654315,103.7257,181.5015,1.418834,276.1636,-0.001677059
C:\Users\alexk\Documents\GitHub\IMG\IMG\robocam_2017_05_25_14_04_35_857.jpg,0,1,0,3.680884,103.7409,181.3546,1.422659,276.1513,-0.001559692
C:\Users\alexk\Documents\GitHub\IMG\IMG\robocam_2017_05_25_14_04_35_899.jpg,0,1,0,3.719716,103.7562,181.2068,1.424636,276.1401,-0.001235259
C:\Users\alexk\Documents\GitHub\IMG\IMG\robocam_2017_05_25_14_04_35_941.jpg,0,1,0,3.745033,103.7715,181.0579,1.424002,276.1269,-0.001701102
C:\Users\alexk\Documents\GitHub\IMG\IMG\robocam_2017_05_25_14_04_35_982.jpg,0,1,0,3.770684,103.787,180.908,1.425834,276.1149,-0.001613825
C:\Users\alexk\Documents\GitHub\IMG\IMG\robocam_2017_05_25_14_04_36_023.jpg,0,1,0,3.79628,103.8025,180.757,1.42915,276.1019,-0.001643458
C:\Users\alexk\Documents\GitHub\IMG\IMG\robocam_2017_05_25_14_04_36_064.jpg,0,1,0,3.821827,103.8181,180.605,1.433586,276.0886,-0.001631158
C:\Users\alexk\Documents\GitHub\IMG\IMG\robocam_2017_05_25_14_04_36_105.jpg,0,1,0,3.848028,103.8337,180.4521,1.435434,276.0767,-0.001287561
C:\Users\alexk\Documents\GitHub\IMG\IMG\robocam_2017_05_25_14_04_36_146.jpg,0,1,0,3.873463,103.8495,180.298,1.438258,276.0637,-0.001259793
C:\Users\alexk\Documents\GitHub\IMG\IMG\robocam_2017_05_25_14_04_36_188.jpg,0,1,0,3.898463,103.8652,180.1431,1.437533,276.0495,-0.00176692
C:\Users\alexk\Documents\GitHub\IMG\IMG\robocam_2017_05_25_14_04_36_228.jpg,0,1,0,3.923787,103.8811,179.987,1.438461,276.0368,-0.001666471
C:\Users\alexk\Documents\GitHub\IMG\IMG\robocam_2017_05_25_14_04_36_269.jpg,0,1,0,3.949429,103.897,179.8299,1.444463,276.024,-0.001200387
C:\Users\alexk\Documents\GitHub\IMG\IMG\robocam_2017_05_25_14_04_36_312.jpg,0,1,0,3.974275,103.921,179.5925,1.447832,276.0026,-0.0013098
C:\Users\alexk\Documents\GitHub\IMG\IMG\robocam_2017_05_25_14_04_36_353.jpg,0,1,0,3.999444,103.9371,179.4329,1.450002,275.9888,-0.001314785
C:\Users\alexk\Documents\GitHub\IMG\IMG\robocam_2017_05_25_14_04_36_395.jpg,0,1,0,4.024556,103.9533,179.2723,1.452247,275.9748,-0.001307027
C:\Users\alexk\Documents\GitHub\IMG\IMG\robocam_2017_05_25_14_04_36_435.jpg,0,1,0,4.049613,103.9695,179.1107,1.454435,275.9604,-0.001347976
C:\Users\alexk\Documents\GitHub\IMG\IMG\robocam_2017_05_25_14_04_36_476.jpg,0,1,0,4.074616,103.9857,178.9482,1.456453,275.946,-0.001342859
C:\Users\alexk\Documents\GitHub\IMG\IMG\robocam_2017_05_25_14_04_36_518.jpg,0,1,0,4.099565,104.0021,178.7846,1.458194,275.9314,-0.001343808
C:\Users\alexk\Documents\GitHub\IMG\IMG\robocam_2017_05_25_14_04_36_559.jpg,0,1,0,4.124459,104.0184,178.6201,1.459602,275.9167,-0.001369584
C:\Users\alexk\Documents\GitHub\IMG\IMG\robocam_2017_05_25_14_04_36_601.jpg,0,1,0,4.162221,104.0349,178.4545,1.460622,275.9019,-0.001367236
C:\Users\alexk\Documents\GitHub\IMG\IMG\robocam_2017_05_25_14_04_36_642.jpg,0,1,0,4.186293,104.0513,178.288,1.464611,275.8853,-0.001768496
C:\Users\alexk\Documents\GitHub\IMG\IMG\robocam_2017_05_25_14_04_36_683.jpg,-1.222997,1,0,4.211689,104.0678,178.1205,1.464141,275.8586,-0.001307781
C:\Users\alexk\Documents\GitHub\IMG\IMG\robocam_2017_05_25_14_04_36_723.jpg,-2.442436,1,0,4.23556,104.0838,177.9519,1.466073,275.7376,-0.001102182
C:\Users\alexk\Documents\GitHub\IMG\IMG\robocam_2017_05_25_14_04_36_764.jpg,-0.8156028,1,0,4.260175,104.0994,177.7823,1.466569,275.5662,-0.000890671
C:\Users\alexk\Documents\GitHub\IMG\IMG\robocam_2017_05_25_14_04_36_804.jpg,0,1,0,4.285004,104.1153,177.6117,1.47058,275.4651,-0.000940668
C:\Users\alexk\Documents\GitHub\IMG\IMG\robocam_2017_05_25_14_04_36_844.jpg,0,1,0,4.30947,104.1311,177.4402,1.472756,275.4074,-0.001438977
C:\Users\alexk\Documents\GitHub\IMG\IMG\robocam_2017_05_25_14_04_36_886.jpg,0,1,0,4.333224,104.1469,177.2676,1.477125,275.3714,-0.002007609
C:\Users\alexk\Documents\GitHub\IMG\IMG\robocam_2017_05_25_14_04_36_929.jpg,0,1,0,4.358288,104.1627,177.0941,1.47634,275.3488,-0.001710149
C:\Users\alexk\Documents\GitHub\IMG\IMG\robocam_2017_05_25_14_04_36_969.jpg,0,1,0,4.382274,104.1784,176.9196,1.482222,275.33,-0.001505246
C:\Users\alexk\Documents\GitHub\IMG\IMG\robocam_2017_05_25_14_04_37_010.jpg,1.627219,1,0,4.406196,104.1942,176.7442,1.481044,275.3231,-0.002061432
C:\Users\alexk\Documents\GitHub\IMG\IMG\robocam_2017_05_25_14_04_37_052.jpg,3.697216,1,0,4.430233,104.2105,176.5679,1.478846,275.4144,-0.002756633
C:\Users\alexk\Documents\GitHub\IMG\IMG\robocam_2017_05_25_14_04_37_094.jpg,5.84421,1,0,4.454149,104.237,176.302,1.467254,275.8445,-0.00287682
C:\Users\alexk\Documents\GitHub\IMG\IMG\robocam_2017_05_25_14_04_37_137.jpg,7.504321,1,0,4.477832,104.2569,176.1241,1.444685,276.3364,0.01384524
C:\Users\alexk\Documents\GitHub\IMG\IMG\robocam_2017_05_25_14_04_37_183.jpg,9.00124,1,0,4.512169,104.279,175.9457,1.40999,276.9958,0.0596872
C:\Users\alexk\Documents\GitHub\IMG\IMG\robocam_2017_05_25_14_04_37_225.jpg,8.193067,1,0,4.535243,104.3031,175.7672,1.347166,277.7659,0.1148548
C:\Users\alexk\Documents\GitHub\IMG\IMG\robocam_2017_05_25_14_04_37_267.jpg,10.33857,1,0,4.5585,104.3294,175.5885,1.255201,278.6008,0.1819139
C:\Users\alexk\Documents\GitHub\IMG\IMG\robocam_2017_05_25_14_04_37_308.jpg,9.527313,1,0,4.580729,104.3588,175.4099,1.140103,279.5357,0.2766902
C:\Users\alexk\Documents\GitHub\IMG\IMG\robocam_2017_05_25_14_04_37_349.jpg,7.08234,1,0,4.603878,104.3906,175.2312,1.005983,280.4535,0.3867117
C:\Users\alexk\Documents\GitHub\IMG\IMG\robocam_2017_05_25_14_04_37_391.jpg,4.571218,1,0,4.627481,104.4242,175.0522,0.8566008,281.2375,0.4972956
C:\Users\alexk\Documents\GitHub\IMG\IMG\robocam_2017_05_25_14_04_37_433.jpg,4.524372,1,0,4.65151,104.4779,174.7826,0.6231994,282.0895,0.6634884
C:\Users\alexk\Documents\GitHub\IMG\IMG\robocam_2017_05_25_14_04_37_474.jpg,6.606896,1,0,4.673396,104.5166,174.6024,0.467474,282.6207,0.7889686
C:\Users\alexk\Documents\GitHub\IMG\IMG\robocam_2017_05_25_14_04_37_521.jpg,8.953465,1,0,4.705293,104.5579,174.422,0.3072501,283.2517,0.9268433
C:\Users\alexk\Documents\GitHub\IMG\IMG\robocam_2017_05_25_14_04_37_561.jpg,8.129842,1,0,4.725741,104.6017,174.2417,0.1355439,283.9899,1.067385
C:\Users\alexk\Documents\GitHub\IMG\IMG\robocam_2017_05_25_14_04_37_607.jpg,5.323596,1,0,4.747383,104.6471,174.0611,359.9481,284.6918,1.177808
C:\Users\alexk\Documents\GitHub\IMG\IMG\robocam_2017_05_25_14_04_37_647.jpg,2.934735,1,0,4.761711,104.6935,173.8784,359.8564,285.2084,1.207988
C:\Users\alexk\Documents\GitHub\IMG\IMG\robocam_2017_05_25_14_04_37_694.jpg,0.1417188,1,0,4.777253,104.765,173.599,359.9405,285.6069,1.075454
C:\Users\alexk\Documents\GitHub\IMG\IMG\robocam_2017_05_25_14_04_37_740.jpg,0,1,0,4.820461,104.8153,173.4116,0.02473173,285.7498,1.009369
C:\Users\alexk\Documents\GitHub\IMG\IMG\robocam_2017_05_25_14_04_37_786.jpg,0,1,0,4.842842,104.8669,173.2235,0.1131437,285.8179,0.9480962
C:\Users\alexk\Documents\GitHub\IMG\IMG\robocam_2017_05_25_14_04_37_833.jpg,0,1,0,4.864827,104.9457,172.9399,0.2573213,285.8533,0.8473952
C:\Users\alexk\Documents\GitHub\IMG\IMG\robocam_2017_05_25_14_04_37_873.jpg,0,1,0,4.887442,104.9989,172.7497,0.3592212,285.8592,0.7683788
C:\Users\alexk\Documents\GitHub\IMG\IMG\robocam_2017_05_25_14_04_37_914.jpg,0,0.9591395,0,4.910259,105.0526,172.5585,0.4734504,285.8585,0.6880734
C:\Users\alexk\Documents\GitHub\IMG\IMG\robocam_2017_05_25_14_04_37_954.jpg,0,0.8393135,0,4.930907,105.1067,172.3664,0.594436,285.8514,0.604215
C:\Users\alexk\Documents\GitHub\IMG\IMG\robocam_2017_05_25_14_04_37_994.jpg,0,0.717545,0,4.947722,105.1609,172.1737,0.7154018,285.8398,0.5167869
C:\Users\alexk\Documents\GitHub\IMG\IMG\robocam_2017_05_25_14_04_38_041.jpg,0,0.5773097,0,4.965393,105.2152,171.9806,0.8297363,285.8246,0.426497
C:\Users\alexk\Documents\GitHub\IMG\IMG\robocam_2017_05_25_14_04_38_087.jpg,0,0.4383261,0,4.972203,105.2694,171.7875,0.9315504,285.8069,0.3345543
C:\Users\alexk\Documents\GitHub\IMG\IMG\robocam_2017_05_25_14_04_38_132.jpg,0,0.3021978,0,4.975144,105.3235,171.5944,1.01576,285.7874,0.2424771
C:\Users\alexk\Documents\GitHub\IMG\IMG\robocam_2017_05_25_14_04_38_178.jpg,0,0.1651839,0,4.973805,105.4044,171.3056,1.098907,285.7569,0.1077901
C:\Users\alexk\Documents\GitHub\IMG\IMG\robocam_2017_05_25_14_04_38_224.jpg,0,0.0270123,0,4.964182,105.458,171.1139,1.12098,285.7367,0.02103553
C:\Users\alexk\Documents\GitHub\IMG\IMG\robocam_2017_05_25_14_04_38_270.jpg,0,0,0,4.953743,105.5122,170.9234,1.107834,285.7441,-0.005710504
C:\Users\alexk\Documents\GitHub\IMG\IMG\robocam_2017_05_25_14_04_38_316.jpg,0,0,0,4.943101,105.5937,170.6395,1.030219,285.7748,359.9932
C:\Users\alexk\Documents\GitHub\IMG\IMG\robocam_2017_05_25_14_04_38_362.jpg,0,0,0,4.927247,105.6477,170.4513,0.9462736,285.7954,359.9923
C:\Users\alexk\Documents\GitHub\IMG\IMG\robocam_2017_05_25_14_04_38_408.jpg,0,0,0,4.916661,105.7015,170.2639,0.8409163,285.8148,359.9903
C:\Users\alexk\Documents\GitHub\IMG\IMG\robocam_2017_05_25_14_04_38_454.jpg,0,0,0,4.906052,105.7818,169.9841,0.6507373,285.8398,359.9826
C:\Users\alexk\Documents\GitHub\IMG\IMG\robocam_2017_05_25_14_04_38_494.jpg,0,0,0,4.895428,105.8351,169.7984,0.5077115,285.8531,359.9744
C:\Users\alexk\Documents\GitHub\IMG\IMG\robocam_2017_05_25_14_04_38_540.jpg,0,0,0,4.87965,105.8882,169.6132,0.3556242,285.8641,359.9656
C:\Users\alexk\Documents\GitHub\IMG\IMG\robocam_2017_05_25_14_04_38_580.jpg,0,0,0,4.869118,105.9411,169.4285,0.1973264,285.8734,359.9555
C:\Users\alexk\Documents\GitHub\IMG\IMG\robocam_2017_05_25_14_04_38_621.jpg,0,0,0,4.858488,105.9938,169.2443,0.03573712,285.8803,359.9433
C:\Users\alexk\Documents\GitHub\IMG\IMG\robocam_2017_05_25_14_04_38_666.jpg,0,0,0,4.847748,106.0467,169.0602,359.8931,285.8934,359.9489
C:\Users\alexk\Documents\GitHub\IMG\IMG\robocam_2017_05_25_14_04_38_707.jpg,0,0,0,4.836379,106.0998,168.8763,359.7693,285.9105,359.9697
C:\Users\alexk\Documents\GitHub\IMG\IMG\robocam_2017_05_25_14_04_38_752.jpg,0,0,0,4.824977,106.1526,168.6926,359.6567,285.9277,-0.001644401
C:\Users\alexk\Documents\GitHub\IMG\IMG\robocam_2017_05_25_14_04_38_792.jpg,0,0,0,4.813777,106.2053,168.5092,359.5504,285.9404,0.02677969
C:\Users\alexk\Documents\GitHub\IMG\IMG\robocam_2017_05_25_14_04_38_832.jpg,0,0,0,4.802187,106.2572,168.3256,359.47,285.9344,0.01893364
C:\Users\alexk\Documents\GitHub\IMG\IMG\robocam_2017_05_25_14_04_38_878.jpg,0,0,0,4.791196,106.3354,168.0512,359.3434,285.931,0.01989714
C:\Users\alexk\Documents\GitHub\IMG\IMG\robocam_2017_05_25_14_04_38_923.jpg,0,0,0,4.773826,106.387,167.8682,359.2911,285.9146,359.9853
C:\Users\alexk\Documents\GitHub\IMG\IMG\robocam_2017_05_25_14_04_38_964.jpg,0,0,0,4.762837,106.4388,167.6858,359.2356,285.9066,359.9632
C:\Users\alexk\Documents\GitHub\IMG\IMG\robocam_2017_05_25_14_04_39_010.jpg,0,0,0,4.752023,106.4906,167.5038,359.1799,285.9025,359.9456
C:\Users\alexk\Documents\GitHub\IMG\IMG\robocam_2017_05_25_14_04_39_055.jpg,0,0,0,4.739728,106.5693,167.2311,359.1512,285.9227,359.982
C:\Users\alexk\Documents\GitHub\IMG\IMG\robocam_2017_05_25_14_04_39_100.jpg,0,0,0,4.723382,106.6212,167.0497,359.1283,285.9281,-0.005060289
C:\Users\alexk\Documents\GitHub\IMG\IMG\robocam_2017_05_25_14_04_39_146.jpg,0,0,0,4.712654,106.6728,166.8687,359.1043,285.9308,0.005277686
C:\Users\alexk\Documents\GitHub\IMG\IMG\robocam_2017_05_25_14_04_39_191.jpg,0,0,0,4.701952,106.7244,166.6882,359.0795,285.9322,0.01432087
C:\Users\alexk\Documents\GitHub\IMG\IMG\robocam_2017_05_25_14_04_39_236.jpg,0,0,0,4.689972,106.8009,166.4174,359.0815,285.914,359.9804
C:\Users\alexk\Documents\GitHub\IMG\IMG\robocam_2017_05_25_14_04_39_280.jpg,0,0,0,4.673337,106.852,166.2373,359.0903,285.9055,359.9568
C:\Users\alexk\Documents\GitHub\IMG\IMG\robocam_2017_05_25_14_04_39_324.jpg,0,0,0,4.662723,106.9032,166.0577,359.0962,285.9013,359.9385
C:\Users\alexk\Documents\GitHub\IMG\IMG\robocam_2017_05_25_14_04_39_369.jpg,0,0,0,4.652147,106.9542,165.8786,359.0993,285.8993,359.9231
C:\Users\alexk\Documents\GitHub\IMG\IMG\robocam_2017_05_25_14_04_39_415.jpg,0,0,0,4.641601,107.0311,165.6106,359.118,285.9085,359.9273
C:\Users\alexk\Documents\GitHub\IMG\IMG\robocam_2017_05_25_14_04_39_460.jpg,0,0,0,4.624042,107.0823,165.4322,359.1483,285.9197,359.95
C:\Users\alexk\Documents\GitHub\IMG\IMG\robocam_2017_05_25_14_04_39_505.jpg,0,0,0,4.613557,107.1332,165.2542,359.1733,285.9252,359.9663
C:\Users\alexk\Documents\GitHub\IMG\IMG\robocam_2017_05_25_14_04_39_551.jpg,0,0,0,4.603123,107.1839,165.0768,359.193,285.9279,359.98
C:\Users\alexk\Documents\GitHub\IMG\IMG\robocam_2017_05_25_14_04_39_596.jpg,0,0,0,4.592725,107.2596,164.8114,359.2132,285.9295,-0.001704266
C:\Users\alexk\Documents\GitHub\IMG\IMG\robocam_2017_05_25_14_04_39_640.jpg,0,0,0,4.577181,107.3099,164.6351,359.2207,285.9298,0.009404933
C:\Users\alexk\Documents\GitHub\IMG\IMG\robocam_2017_05_25_14_04_39_685.jpg,0,0,0,4.566848,107.3601,164.4593,359.2238,285.9299,0.0196869
C:\Users\alexk\Documents\GitHub\IMG\IMG\robocam_2017_05_25_14_04_39_730.jpg,0,0,0,4.556536,107.4101,164.284,359.2228,285.9299,0.0291167
C:\Users\alexk\Documents\GitHub\IMG\IMG\robocam_2017_05_25_14_04_39_773.jpg,0,0,0,4.544964,107.4844,164.0209,359.2613,285.9103,359.9907
C:\Users\alexk\Documents\GitHub\IMG\IMG\robocam_2017_05_25_14_04_39_817.jpg,0,0,0,4.534561,107.534,163.8463,359.2774,285.9056,359.9764
C:\Users\alexk\Documents\GitHub\IMG\IMG\robocam_2017_05_25_14_04_39_861.jpg,0,0,0,4.519219,107.5837,163.6721,359.2878,285.9033,359.9648
C:\Users\alexk\Documents\GitHub\IMG\IMG\robocam_2017_05_25_14_04_39_905.jpg,0,0,0,4.50903,107.6332,163.4985,359.2928,285.9023,359.9547
C:\Users\alexk\Documents\GitHub\IMG\IMG\robocam_2017_05_25_14_04_39_950.jpg,0,0,0,4.498865,107.6825,163.3253,359.2928,285.9018,359.9459
C:\Users\alexk\Documents\GitHub\IMG\IMG\robocam_2017_05_25_14_04_39_995.jpg,0,0,0,4.487614,107.7571,163.066,359.3255,285.9184,359.9789
C:\Users\alexk\Documents\GitHub\IMG\IMG\robocam_2017_05_25_14_04_40_039.jpg,0,0,0,4.472331,107.8063,162.8937,359.3383,285.9225,359.9921
C:\Users\alexk\Documents\GitHub\IMG\IMG\robocam_2017_05_25_14_04_40_082.jpg,0,0,0,4.462254,107.8554,162.7218,359.3451,285.9245,0.003269927
C:\Users\alexk\Documents\GitHub\IMG\IMG\robocam_2017_05_25_14_04_40_125.jpg,0,0,0,4.452206,107.9043,162.5505,359.3462,285.9254,0.01324697
C:\Users\alexk\Documents\GitHub\IMG\IMG\robocam_2017_05_25_14_04_40_169.jpg,0,0,0,4.442178,107.953,162.3796,359.342,285.9258,0.02234597
C:\Users\alexk\Documents\GitHub\IMG\IMG\robocam_2017_05_25_14_04_40_213.jpg,0,0,0,4.431537,108.0255,162.1236,359.3535,285.9137,0.004189907
C:\Users\alexk\Documents\GitHub\IMG\IMG\robocam_2017_05_25_14_04_40_256.jpg,0,0,0,4.421075,108.0739,161.9534,359.3618,285.9081,359.9906
C:\Users\alexk\Documents\GitHub\IMG\IMG\robocam_2017_05_25_14_04_40_300.jpg,0,0,0,4.406128,108.1222,161.7838,359.3643,285.9054,359.9802
C:\Users\alexk\Documents\GitHub\IMG\IMG\robocam_2017_05_25_14_04_40_344.jpg,0,0,0,4.396202,108.1704,161.6146,359.3613,285.9041,359.9713
C:\Users\alexk\Documents\GitHub\IMG\IMG\robocam_2017_05_25_14_04_40_388.jpg,0,0,0,4.386298,108.2185,161.4459,359.3534,285.9035,359.9634
C:\Users\alexk\Documents\GitHub\IMG\IMG\robocam_2017_05_25_14_04_40_433.jpg,0,0,0,4.375806,108.291,161.1934,359.3615,285.9165,359.9856
C:\Users\alexk\Documents\GitHub\IMG\IMG\robocam_2017_05_25_14_04_40_476.jpg,0,0,0,4.365472,108.3391,161.0256,359.3661,285.9219,-0.0001961932
C:\Users\alexk\Documents\GitHub\IMG\IMG\robocam_2017_05_25_14_04_40_519.jpg,0,0,0,4.350712,108.3868,160.8582,359.3653,285.9244,0.0109584
C:\Users\alexk\Documents\GitHub\IMG\IMG\robocam_2017_05_25_14_04_40_561.jpg,0,0,0,4.340908,108.4345,160.6912,359.3594,285.9256,0.02064737
C:\Users\alexk\Documents\GitHub\IMG\IMG\robocam_2017_05_25_14_04_40_604.jpg,0,0,0,4.331123,108.482,160.5247,359.349,285.9261,0.02933907
C:\Users\alexk\Documents\GitHub\IMG\IMG\robocam_2017_05_25_14_04_40_648.jpg,0,0,0,4.320378,108.529,160.358,359.3614,285.9138,0.006448746
C:\Users\alexk\Documents\GitHub\IMG\IMG\robocam_2017_05_25_14_04_40_692.jpg,0,0,0,4.310544,108.5762,160.192,359.366,285.9085,359.9937
C:\Users\alexk\Documents\GitHub\IMG\IMG\robocam_2017_05_25_14_04_40_736.jpg,0,0,0,4.300821,108.6469,159.9439,359.3631,285.9054,359.9796
C:\Users\alexk\Documents\GitHub\IMG\IMG\robocam_2017_05_25_14_04_40_779.jpg,0,0,0,4.286285,108.6939,159.779,359.3553,285.9046,359.9717
C:\Users\alexk\Documents\GitHub\IMG\IMG\robocam_2017_05_25_14_04_40_823.jpg,0,0,0,4.276029,108.7411,159.6145,359.3577,285.912,359.9824
C:\Users\alexk\Documents\GitHub\IMG\IMG\robocam_2017_05_25_14_04_40_865.jpg,0,0,0,4.265926,108.7882,159.4502,359.3653,285.9194,-0.001180261
